x0,x1,x2,x3,x4,x5,x6,x7,x8,x9,x10,x11,x12,x13,x14,x15,x16,x17,x18,x19,y,prediction
0.7455206442336608,0.6297423854223454,-2.01195008707748,0.8713717627555809,1.5364029864347029,0.56524712397473,1.514247599980887,-3.2140969791146627,2.8635357064436344,-8.705917025451004,1.278873764700375,-1.5454910596107827,6.282426713202332,-2.358464142207465,1.367835028743098,2.497911417824857,0.5996877924399071,1.495820304683696,-7.694278453323822,0.0179699150164706,0,0
1.688499455642622,0.1215851929496717,0.675819777370505,2.198416489704195,4.758031143830207,-1.3411300326557107,1.5279815736395113,1.2298769840845538,0.5324176894708075,-1.6153548097445023,0.4321202439837694,-4.083222312689154,4.4644006642243,1.1967632249804383,-0.9550062804023648,0.6691113489579688,0.9711052379675388,3.862131478873922,0.7425358966865221,-0.97509885578694,0,0
1.1682812992752094,2.538590490814503,1.3098118928127058,2.7524933448695927,0.5654806151595755,0.1248676101954789,-0.782541286326445,-2.7334596977485983,-2.407386575893079,-0.2542869433633591,-0.0461619439699719,-1.7944199309964124,1.0939230434302418,-0.3139521869158607,2.772829329946072,1.2613022089758972,3.488829254762329,-0.4813518752078345,2.573058958232416,-0.7754826486844134,0,0
1.1203815129726056,0.7544904071460423,0.7911441995095314,-3.707119802854241,-8.388438320098944,-0.4215823114402927,1.045056145231206,-0.4997400148236746,2.5024061726309537,0.5045666301305942,-0.750022681565717,1.6185367211096289,3.3274648531466013,0.1207902325011102,2.4765156743250243,1.548059204199169,-1.5159064564889353,0.4011548208063551,0.7340265299556245,0.01433642217576,0,0
-2.4627302591850224,1.4132739900068063,-1.294601866187979,-2.7139532284682346,-3.604205369503565,0.3237550672314934,-1.4904928657368934,-1.1761282676582716,1.0320083418846748,-2.335872857559688,0.8252244191816259,1.7767831780942984,-2.789300441270372,1.158565492822322,1.7414740638465074,5.798944557172112,2.472664930984976,-0.8734226216173209,3.0881594694854093,0.2424629717227108,1,1
-0.3049763450235108,0.8541631677233665,2.3031254932723573,1.043709793573742,2.007174001457103,-0.5753373680430791,0.2531836956992989,0.4353868438458528,1.846704843005553,-0.3758003262797399,0.8246686246914298,-2.123584994001148,3.449625478543347,-1.4292668796711452,0.10530919341461,0.5597188368950708,0.8468952643717607,2.5611494249154285,3.2325726957297256,1.8295625963212392,0,0
0.0067805488732745,-1.5070316183449646,-2.514919232069219,-0.2124252237404562,-0.4983003297581783,-0.0400372075210992,1.533012542249183,-1.585278307149564,-0.5676355145683326,-2.6872427098763936,0.7851265854600545,1.7848515941763188,-2.547773007301928,-0.3098449013640731,1.532482676440423,3.7027649850238538,1.855289664690376,-0.9968427192830622,-2.651630690708443,-1.3945284378654763,1,0
-1.0656373335448694,-3.880898099636239,-1.0938339730194813,-3.248699994137024,-8.209144949338247,-1.8920849255849248,-0.1415844192943381,5.13659075271303,3.297542415831247,-2.635867127423955,-1.133946335967804,3.001525703878978,1.8286431618560224,1.7706418724626731,3.849184950227028,4.917885637668724,-4.550261634514014,4.087228661733616,-1.0044528767153784,0.7168795348194515,1,1
2.054450927086646,-1.5284465986145204,-0.7791261850384265,0.6191845934295614,-0.5741140933103345,0.1348014232902034,-0.0183380666337099,1.0073506920451205,-1.6248496774208836,1.015139811715696,-0.1086166549383424,1.8434144960402403,-0.0244190859495923,-0.1174103003448694,-0.9187223128084931,-3.972756206733888,-1.2344202165499405,-0.4931530399924146,-3.484107317761711,-1.2255347222149022,1,1
1.2027757034695812,-0.8468015389494162,-0.0511085354981484,-1.2385747189376957,-0.7119606615839261,-0.6705431614166831,-0.1513974919414092,-0.5372484975986701,-0.066465253450483,-0.093653792651829,0.2244200383822503,-1.1310590341755815,-1.0315857910769828,-2.153588112944552,-0.2138234978244206,1.4050251003329473,0.4609413563545134,-1.8036850311114945,-2.0281162413082283,0.3160878221089338,0,0
1.1625816779766325,2.3561286904722296,1.0533756762297213,2.8565468360093544,5.604083849192728,0.4828487457481086,0.3147625614551637,0.8905292797755202,-0.6627295055162148,0.4386710454516687,-0.9222192771347149,-4.050725169378259,4.089868470131949,-1.0513218142392298,-1.801816179169588,-1.2378515478928225,1.6048894533051228,3.949094710167613,4.259251119218845,-1.654510394912746,0,0
0.5525620769280917,-3.234603445067938,-5.458407563252888,-3.534479830103165,-0.6664578773576053,1.0168308890128517,0.6273281202738094,-0.039671992668014,2.1659529719492085,1.4063199810416656,-0.8130228521688223,2.0436411314030885,-1.6126773615687795,0.5569478823405032,-0.6557515863220165,6.186180769501163,-1.2804583551619326,3.899207411740851,0.714462720207246,-1.5050718742538034,1,1
1.0658522283398677,-2.4018411773684285,-3.0959126858716024,3.7177352742551375,1.375930801170596,-0.0700464437279648,0.7254188271577661,0.9444274696400708,-4.660002582977494,0.8619209104448883,-1.03873443416267,3.9096723813449614,-2.5349699724959414,-0.1877016058740368,0.4267335897067545,-5.324991820079982,-2.2695863758029944,-0.3607824240474617,-5.231147745622203,0.0853439555205099,1,1
-0.1189277855724724,1.7490281582151874,1.768919183515734,1.291645885322783,1.5106636484402878,0.4345400972542903,-0.6855545714835052,-1.5026289412388976,0.4738731454339847,0.2528249006584055,-0.9287363155327848,-0.3708558827384265,1.5663787134205178,-1.4889222560705766,0.5287452563980767,0.5934770677875284,3.2058529041931965,1.1371732297372097,4.430678153982552,-0.9617624207732018,0,0
-3.1353234403362067,1.905388793295089,-1.4121169148464665,2.6267265758891822,3.61334266096172,-0.6153138820737076,1.8578501512906649,3.170384073005524,-4.187545332869679,-0.1587024323609223,0.3019316851187039,1.0124101450899934,-4.715424116468695,0.0431254309530491,-1.743071488668002,-2.506049909649916,0.6798698973379185,0.0782615361720062,3.5119622291905257,0.6128840717631837,1,1
-3.776015775601256,0.7313696723890223,2.878153869412898,-0.4790167649385135,-2.995659784706624,-0.2870822031150092,-1.0418869324773683,-1.882610042879373,4.350106203399809,-0.5965253885068197,-0.7892465948861971,0.3074335227100746,2.42596560557103,0.0840101909243512,4.460532519379346,3.774557089476408,-1.4441761935126407,1.1990629569874454,3.642617219175962,-0.2671915656552882,0,0
-2.427529265044287,1.161288957346795,-3.1286710690467388,0.1791838522637,5.815749972233117,0.0174289529581017,0.3308635310669119,-1.0585419957889814,0.8185227066528568,-0.3525563456667506,-1.309731974367632,0.2456834930198411,-1.7909123856852558,1.6787838073868548,-2.739888068077613,2.343211005364137,1.8831728345890568,2.684592896397765,3.950672208548126,-0.8483778038821382,1,1
1.1958241138458794,-0.2449851159499012,-4.071877044870991,-1.612299952978308,-1.899704390844324,-0.1537851651461917,-0.143423216458929,-4.038544193464398,2.6417426322466047,0.0566951993334896,0.0642948785875816,3.557995774620037,3.2144838606403163,-0.0326559037403099,1.0635074317751507,2.209773458858608,-0.5373448538468388,3.372811822284589,-0.7184663979492979,-0.8841091410299213,1,1
1.007106749552089,-4.0548210902927,0.2966182460664519,-1.539100237005929,-2.138960052578899,0.3360754125053464,0.5001128296208667,-0.1700465304747981,3.021319647059937,-0.612852310256505,0.8844424373817379,4.835810076093989,0.2456942171275689,0.4995589082492027,-0.018850049662014,-0.2722066699084948,0.928769250979261,0.1388034631621253,-2.75339178116288,0.8353334353648353,0,0
1.631861793827587,-0.6786022512034102,-2.0496890656550706,-0.977907083136593,-1.6550185093791645,0.9780029759984088,1.2705292241471429,2.900475387105941,-2.095279287505749,2.2020335750634787,-0.6362568349860365,1.1732950438702217,-0.7826246120893958,-0.3446348370081561,-2.148657101563365,-3.731241906067511,-2.9921286261446385,0.2909618474090578,-1.9131628924071844,1.601992654613413,1,1
-1.929956077993904,1.4032499975241146,-0.5485843534862618,-0.1336360150426908,-4.052527639980601,1.1961502215261264,1.4642012725235871,0.4139198943759987,-0.0099832013274767,-0.7959798399061728,0.4924373391541666,4.5295750552475695,0.2771027958821975,1.1847438987066807,1.6194470046613034,-1.7887023737436372,-0.7641359306435789,0.6437494903975494,1.498149000123677,-0.9346089125902312,1,1
-2.5308795116260256,3.383815248500676,-1.9832922418348609,0.3434587414661194,7.055039500752857,-1.8794669639461663,-1.796991647279401,-5.063638458768014,0.8491931803518699,1.6376926336749795,0.8623905759176876,1.7557878992183475,-2.1422054943464697,0.1620856926467755,-4.903813596410423,-3.117401148895712,2.840229454356969,-1.0231369763921094,2.8522630404085216,0.0621792298122876,1,1
0.6702801312515949,-1.991649962154752,-1.4339248156788824,1.9043153742447103,5.490323268809107,-0.3206244763068115,-0.6075209099207104,-0.7421992903097985,1.679752800187786,0.059901338014858,0.0850458602001818,1.033637070979844,2.410339430159826,-0.7159672231839423,-1.970264777519116,-1.75608331873383,-0.1653426453567703,3.503358236725523,-1.31731300803547,0.8643914974066649,1,1
0.7630049842356394,1.53792249121816,-2.4032760789637013,0.7547326551175222,-1.2171995200263148,-0.8539202975207183,1.962068361898528,1.6513107660477573,-4.441701703021367,0.0002025382360482,-1.1933788124438198,-0.2561209971113583,-1.4407631606380638,-0.7920035740952445,-0.8628617321074497,-4.293015156271437,-3.041544231976185,-1.9172747287657912,-4.021426941162957,-1.4397052966180357,1,1
-0.336169399069651,2.656946072009098,-1.1833988388620176,3.094224684120219,4.757348734953999,3.186574911811055,1.3444339080830043,-1.7126642141426554,-0.1679026355095295,-3.078895732418371,-0.912804486601195,-3.059317970771171,4.232457532978397,0.701131200712918,0.2681101392999728,0.125368144229292,0.0855475552307494,2.8621698923863166,-0.4365551609028258,0.3395287874042162,0,0
-1.0751321997247687,-4.821516603159772,-1.0782471207523083,-2.0689852802155206,3.790063370460912,-0.0825135189113944,-1.7052076077760168,-2.458313195706973,5.150450292870561,-0.3428967362589488,0.3366014275621669,2.919116874039265,-1.5955639495432088,-0.8348299105466731,-3.240023084267346,-0.3873736076894511,-0.9189835732105948,-1.2573914181311052,-5.846967330807729,0.5487004763949003,0,0
0.9452149557158748,1.1433862553092975,1.500771176829085,-1.234849772121244,3.66298572596629,-1.5618785717244308,-0.4679237223332475,-1.803481429037411,5.121223083819234,-1.6573461323137049,-0.6671595500663265,-2.207180538585518,6.313104567586486,-1.1465501637074578,-3.7529825245870048,-1.63336950947106,0.8527988089531664,2.058108379479896,-0.7978040741916034,-0.2589588347675133,1,1
2.706552625465169,-0.5181455468439105,-1.735406614021639,-0.5429153778809629,-2.268701530009529,1.511673414185431,2.208046047543548,1.3226372298909088,-1.240904033210958,2.8048406832829222,0.9980841726036552,1.5793043753514546,1.3780277960066103,0.1254086794758444,-0.2648718155619073,-1.2481856436031014,-1.0033820302573786,2.6142227799463136,1.2518561938346284,-0.2552061344396246,1,1
2.357435912064446,0.3962788259590744,3.4184873089434995,1.605712761559194,1.7701617765397852,-0.5488050227771684,0.2819343032051621,0.322741457615971,0.314521202983913,0.5308462279293475,0.6984251343843719,-2.411993960659804,3.563823192779469,0.4564980352506458,-0.2570332630775955,-1.0399889473714303,2.705263381895925,1.2578098911568047,2.334686053565469,-0.9926590154515812,0,0
0.6548432111439217,-1.5990192639596374,-3.629124117498442,-1.60247307994267,2.583980761416277,-1.0510419502866937,-0.692943230147068,-6.152645782022707,5.279240701507525,-0.818412122050076,0.9384114238732918,0.7637013934812674,3.774130512961431,0.5765611205089946,-0.2025682964315669,3.577393895808662,-1.017443292389575,2.7012922261756342,-3.7010661259078392,1.1706787887065002,1,1
-1.92949795177706,0.8563518848490255,0.4291728575853173,-0.1814710212458969,-0.0796174156884164,0.3339450479990393,-0.379907966540577,-1.2727828773341143,1.5869078703213784,-1.1239106469073297,0.8600850677428203,2.6507616004017107,-0.1472925859809174,0.5553796561497687,-0.0437375347503715,-0.349458630829286,1.5881190970296066,-0.1162297957530797,1.6020849670656194,0.908222524091729,1,1
-2.7111215429049498,1.4456801546858573,-0.2425054397786517,0.3245239422909325,0.19185379260566,1.7967534654264914,0.4394858279957648,-2.041491126852028,1.7908913961007955,-1.6118489663008275,1.9852265356713568,2.507164607000281,0.6407126153632445,0.1667936645309926,0.6116754754884175,-0.4533784190221537,0.2495476711729795,0.3226433188010228,0.8656652586900913,-0.4875445564065926,1,1
1.8500910029688853,-0.7026610397166229,-1.0995388483625816,-3.353296575529589,-9.731537790600036,1.9489631114476191,0.7356551436413686,0.4136106578698371,-0.8865777385365183,-2.8631399882673887,1.1772087874169148,2.6887130180689955,-1.4448590670100714,0.925904176727718,4.313348145723824,5.832651736306174,2.279146651929496,-1.6605370146873677,-0.9043859264573422,-0.7853179202632383,0,0
-0.6258861854887126,-2.5661328461878723,1.7749451706487092,-5.00839786633144,-1.441753079400649,-0.4244759175917799,-0.5025865139056851,1.8728644218282764,5.275626861514706,3.9967471193368977,-0.3081476294531374,2.484393774551988,-1.402090571672474,0.8747396215802571,-2.835244561770164,3.492401211632117,2.309162335232458,2.3934591713942583,7.743025508816173,-0.5299929317034754,1,1
3.955871206298744,-0.4926452199545326,-0.335776369868596,-4.899760149852887,-5.73300915589015,-0.2105349403529919,-0.1591494715377279,-2.103292696979251,2.3149117102425336,0.5975883155984283,-0.6389850540666776,-2.792993523330908,2.182162465368706,-0.7163942937007461,1.729245835533833,7.491835342196293,1.4534892233321342,0.0574376733348291,0.3862076350119456,-0.0381345688246403,0,0
-1.5703146409961066,0.2014617207247093,-1.3379115532239931,0.3192037388859524,1.9318379050855845,0.1834542264722327,0.6193492954346985,1.069851297501754,-1.5899903826819506,1.5597367547599763,0.1902109593428422,1.3848902525126263,-3.740546244328168,0.0143819962442657,-1.5086965654041222,-0.4048790279712522,0.6483961967149412,0.091157792661528,2.889467150277258,0.0767328593929568,1,1
-0.4093888645211724,3.792207635216476,-0.4593975723829234,-1.5964479095525212,2.9843178783365905,-0.6755685285912163,0.7074872072053618,1.3707385642837084,-1.5014878908934324,-0.6408478004718294,-1.2806121453611083,-3.4466371198132952,-2.7074761208963745,0.3749076863007757,-3.6883387056752728,3.60900721620154,5.59263158821909,0.1825398454264787,7.246427457932666,0.7435106703345966,1,1
1.6874374713345952,-2.837915495937457,-4.640415522439212,-0.8985291765761276,3.046073770035916,2.44125584526534,0.6095098962124401,-1.8882003594980208,-2.9315748135419097,-3.144131668675637,0.8290984400183357,0.0838667551604458,-7.271297191440232,1.917287968605754,-1.6785202961873829,4.644584851793868,4.2276547757975225,-4.262469744694746,-6.22551712915396,-1.0325332762094106,0,0
0.2697382046479859,0.7646164052582951,-0.5889323619503772,-2.505338412321146,-3.4050481995697783,0.1065054014191864,-0.5426968739026136,3.870751046221272,-1.7048804219604334,0.6963735742528117,0.7458565180985776,-0.638683752624772,-2.099114605589916,0.9192610916812918,-1.3866748076829225,0.1736317924552775,-0.9313211829699476,-0.6307614348466752,1.4475596461694642,-1.4345808609043489,1,1
2.148497078826529,0.5812411059718734,-3.0377763114141847,1.7433693297558328,-6.685988860053139,0.0803195726252119,2.524509276607495,3.638669248533872,-6.767960886369874,0.1543666335386518,-2.035902570104776,1.91553033485822,-0.8007064419271989,0.3708518927109968,3.811215681734088,-2.2275073487736834,-3.492709471823075,0.3493269608964254,-2.424778784777606,-0.0758987850796607,1,1
-0.4208043507124649,-1.6766641448446964,-3.081969259933486,-0.4113695497586833,0.7435739799922509,0.2235994544459053,-0.6944984102480511,-3.22882664778587,3.578384819189175,-0.8737222936552635,-2.160912602766722,3.287835561732745,2.770179253202976,0.4348929626773385,0.585344999608425,0.9857300830345168,-1.7785322981964162,3.0510813021200103,-2.6151312253439243,-0.7736398449381301,1,1
3.81050990881631,1.8118841339318847,-1.3158503340928522,1.6308106891451488,2.3875537434544265,-0.3255134129949364,1.3212111260775763,-4.998117712794457,1.1287709222249251,2.517539670096762,1.4922645094750588,3.092114727646569,6.799517329971678,-1.6139014554789917,-2.297861646518536,-6.894422796173108,0.8867822313248022,2.939168376775404,-0.8473818285426218,-0.9550822881358276,1,1
2.2838323242187286,-1.6682429677402777,-0.4817615528162469,-0.4584435910179951,0.2515756595770644,-0.9463138227477964,1.1748140575856918,2.8637369085233946,-1.903521664928819,0.1383552837067015,-0.3277950558774631,-0.5942700547581146,-1.2336499541783446,-1.878980944753828,-2.547324939994564,-2.761980105181769,-0.6971645019909929,-1.3498558704153365,-3.805362116090429,-0.100695872817177,1,1
-1.222380089146289,3.15157093170951,0.6650598399679726,1.864653087055741,0.9358558459046804,1.2354837695030692,0.6371190404112276,-2.8771970016952784,-1.332310613561035,1.3772899865820496,-0.6792219372181003,0.1325902581955174,-0.6315572510420961,1.5583840118807817,2.0606021558940304,1.8684991321969544,3.472847137419339,0.5155818604077222,6.615078952051607,-1.1366931189208151,0,0
-0.6495309533369407,-1.7888654771963328,3.3434107922799203,-2.270743341274996,-5.991005725023404,0.9109070350337491,-0.0739847815362688,-0.1004513499661458,4.919368224628298,-0.2908809335964395,-1.2237448466562693,1.8940077985938129,3.721488363464129,-0.4093202145866852,2.9519970677511003,0.6458480575212728,-2.480136002383598,0.2830426515927369,-0.9347317816323948,-1.277371133550618,0,0
0.4154928806987872,-1.0696987276212355,-0.8614183484940712,-2.575494521926452,-0.9485170492681416,0.193798713767092,1.027070300644139,-0.341238473175095,2.611522032117802,1.6931802515331076,0.2681669498219737,1.8463161348979584,0.5395864484804764,-0.2155679434189498,-1.6058214999302138,0.5457985538564158,-0.2835464227843491,1.395365001602596,1.1228181835138027,-1.188384670740071,1,1
-1.3549746160355411,3.1726073489729507,1.0320850985405892,0.2837237427356474,-0.5833599229508789,0.3497478152479815,-2.470663282879401,-4.039006678690667,0.29911120369141,0.7718857668971146,-0.4944979738149775,2.8943053220620643,-0.8200553336280679,1.0531214525238028,1.1425514272405617,1.0414617843052336,5.201574274599623,-0.649760568359476,6.400705834938006,-0.0246976430849922,0,1
-1.4743462031117,2.515099074283237,-1.427918340855143,-0.7224063913890597,-2.2480111121550284,-0.4880128031720859,0.1825878042143362,-2.554443945515846,0.2612471661406624,-0.9245508056232812,0.2504302830010448,2.3297922585055986,-0.2504873331897669,-0.2124587250342695,1.568450168519298,2.017079448760953,1.6621116989402962,0.210159143981242,2.799423941640029,-1.1871303322833242,1,1
-3.603045045795071,1.4198107465289929,-0.7210229410683524,-0.4472513686834538,2.34062604196404,0.2003947848763514,1.444850287259808,0.1194879538192574,1.4335278524369048,-2.122010952763833,1.558628017070086,-0.0838212850601576,-1.663852182875267,0.5795778471138472,-0.7428145544773961,3.045795744543337,1.4203115119318537,1.0018936534306917,3.5401820336793386,0.1696850908577512,0,1
2.539791841338487,-3.673487295666913,-3.4831544489593296,-2.8520876129506862,-0.3602539857357349,-0.6237160349163927,-0.3184168537183037,3.714036103685373,-0.7260025527639221,3.445306146918938,0.8995987379794065,-0.4816101711934391,-2.997596161088896,0.0160366630134783,-1.5813301325384863,5.456391020366906,-0.0286086403444845,3.620228725337969,3.184090183373402,1.343546506622051,1,1
-0.4763219884120873,0.9975817996113732,1.961771907183591,-0.654182449105422,2.686812811664028,0.018999082259871,-0.5212548068561296,0.6882727080694375,0.6436081299839194,1.2520866340346268,-0.7274539247231182,-0.4900886059937739,-1.1851593947763417,0.6184072157441348,-3.502779177772135,-1.7782069463992662,2.7305186714197216,-0.8513617328153811,3.4280895922439534,0.8467711090082444,1,1
1.4072170203097367,2.455330685755851,-1.9038027131118505,3.762753422907008,7.874078784026594,-0.0470585407743865,0.1832419104587185,0.5857212147863597,-3.082246800400808,-3.1723150285317785,-0.7531889127884663,-4.734722516488775,1.999077765312672,-1.7906509929567132,-2.6956520338882064,-0.9085371325882484,2.296104903927396,2.261142710320095,-0.6438800875930336,1.321880992159802,0,0
0.8778557450786479,-1.4326672955651083,-1.9794253686162069,2.853206139298788,3.1464071841412555,1.4812365916235948,0.7588477658387964,0.4719492492711179,-1.4243984224360726,-0.348088273275863,0.5876949018678121,1.649698656053214,0.8815407228673718,0.8329454428250415,-0.3988882121277871,-2.677082718487713,-0.7336625344525476,2.254680421143153,-2.276515341945171,0.4815076309913054,1,1
-0.5017334150985876,1.2568756610497869,1.5709133442265155,2.429806722264152,2.6969318021161346,0.2048573002176907,-0.9205832258364774,-1.1280296719950398,-0.3123046180601824,1.4750197820879405,-1.5702366540818449,-1.2677814474290163,1.5308658992740865,1.516288450556014,0.4263054544165394,-1.8455662306757008,-0.0995078221684038,0.7354252867103447,2.027182467312062,-0.7043603242208816,0,0
-2.127964976769075,2.531763481479496,0.2138209230362009,-0.7820586359343605,-2.170530039914823,-0.0029454113325951,-1.0588580088579944,0.1807826355829171,-0.199154428368476,-2.110156539853068,0.1131600113927831,1.2184669944619193,-1.1915938644618014,-2.181175237665677,0.7004612967166481,1.4043801938596208,2.075658008332125,-0.7175485532240968,3.0666124897898643,0.2632654875753966,1,1
1.9659910663008289,-0.642139599419622,-0.265204864555248,0.0997446924684347,-1.054329132843156,-2.707565693672108,0.2626419878716904,-1.7452735521053278,0.8995721021901146,-1.260908941722206,-0.9659709246115364,0.8400489452147739,2.809984095260301,-1.4500163561675328,0.7643152178229338,-0.6138686523017639,0.2143820411723362,0.2137782271808342,-3.281599647925943,0.3850551679378343,1,0
1.7186161597054426,1.2190980503465352,2.185900475997381,0.4755903186702518,1.1014477779579177,0.5358569424886379,-0.862306936163681,-0.4569754997640669,1.3072065472669658,-1.4696141011830282,1.293817690814726,-1.413128133712583,3.5118384007480925,-0.5869582099762845,-0.0648874242846939,1.8942032405678983,4.808529468617101,2.14380194299921,3.9388286444423968,0.8454065567820555,0,0
2.3791395404024787,-2.202849118953025,-0.4377428330305961,-2.134997367146156,-2.5312743120753805,-0.3360666965057405,0.2688049344392308,-1.1463527285049746,1.584359299213849,0.8816462740594628,-0.687784294825431,1.819307466292316,0.4065280210923094,-1.5105460503694963,0.2914226238382003,1.9807870843686408,1.341361330164051,0.18759946002632,-0.7777550096154349,0.5245846830476146,0,0
3.870001510784208,2.953571617301764,4.297037822656255,1.34521902957021,-6.479203256362221,0.2448973017127292,-0.6032968487781549,-1.264019577376933,2.1196397929497017,0.6137106001198516,-1.667665266190862,2.037253982389762,12.466202736360405,0.573558836877425,2.0301838583414664,-9.903384354624905,-3.224706872602398,2.1677832943780166,-2.4763422129961965,0.365169001048321,0,0
1.774227591152433,-3.425345405385632,1.3383380255872592,2.592913353162495,8.607012537028416,-0.0986083990046772,2.001922459248361,-1.1655402778528896,3.266068461464876,1.973404245646234,1.1407858004524745,1.2117242793896863,3.370400828652988,0.0440646349129376,-4.22755645246116,-4.810477770827997,1.5143182329695528,3.2132611240077664,-0.8996842290743113,1.1263934497220656,1,1
-0.5422249804223636,-0.5861424938090931,-1.036964066683797,1.961343060390781,0.3942440395562035,0.4078790508974909,-1.7577874239420723,3.269576737450544,-4.1394476913099965,1.1614727276701626,-1.4572992875838315,2.1215037688525995,-4.270615496948422,0.5705847001198596,0.3302592011448866,-0.5659498849979173,1.293012512078696,0.6000640412947174,3.212194870639636,0.0495918276615858,1,1
-1.923632598427608,-0.1856786837441155,-2.6424537811828475,1.0230844856993435,4.74731217313171,-0.2145209503359089,0.8658725885843434,1.3842144614143113,-2.296038606123698,-3.3811495102060967,0.0853397757948938,-2.205292583817544,-4.4776900605420575,-0.3537907311423138,-1.6128633884723222,2.322969862156029,0.7178389189599698,-1.232970227601343,-2.2244792201396755,-0.0313411526697224,0,0
-0.2279451870821193,-0.2944430222117389,2.430755815622732,0.6938275935167313,-0.8853247260507258,-0.8979419856402304,-0.0196807543282693,-1.6428845082728056,0.7363898851593698,1.0542318196801812,-1.0851415431623328,0.2573868203850507,0.2701914896506608,-0.3730586676639155,2.081049610270001,0.4663834238634492,0.8922681437080248,-0.9920287928298904,1.2441737355712583,2.1669592672469657,0,0
-1.596198438137124,-0.8574272400027705,1.7724336563499823,-0.6393612815270262,1.4194090709509923,-0.4385245056049819,0.2819488738090511,2.3451447234710336,1.0062296174473873,0.3891351807136445,0.238566126142076,-1.0250508969745709,-2.422974575925319,1.57980695740155,-0.3007133637209289,4.26712005055261,2.8937751374064606,1.2366972773578149,6.034785453185585,-0.0457107546458274,0,0
-0.7559441375639462,0.4641825700620084,0.9457827912615726,1.845720779601408,3.716781792217654,0.5888319515419477,0.1669676233341631,1.2974169188694122,0.2824467631309532,0.3924525663133547,-0.6107626557317373,-3.336799186397564,1.6095585955433367,1.460680332129137,0.2199243373170641,1.905559900935465,0.0223796133123522,3.215991375621206,3.902606799519111,0.7859740988654604,0,0
-2.446015583242086,1.3258120967569065,2.352810274455779,0.7390559804162171,-2.896699964622526,-0.1905251896200373,0.2913744562385839,-3.858315176403067,2.001972589328556,-0.4820834951217597,0.154648543236625,0.9987685334946056,1.4373268597957212,0.3270752180533076,4.743798135649735,1.7662632158295604,-0.3153328858878761,-1.1492264739014455,1.2563064030885491,-1.4545614052447244,0,0
-1.6520403494145453,-1.2090691463643848,0.98732295331666,-1.917465781420496,-2.0413542047502555,-0.2089179573708717,-0.4070158918067711,-1.1423908657289106,4.256417507021908,2.665960842225021,-1.165974185680461,3.4874310988523245,1.6518453015066303,1.8507811424357328,-0.4404090287581377,-2.8145638988711883,-3.50694224074084,0.5296166538521507,-0.1857705950557061,-1.0456949708779122,0,0
-2.48038509032068,3.956623732077527,2.079976760358268,2.766981701465592,5.679605613657325,-0.2308641111979353,-1.50860945437971,-3.1514934134909938,2.332493671568993,-4.36343409563408,-0.9183161373284012,-0.0933030111241044,4.242983942718468,0.2461839442959672,-2.34227591453768,-5.157733744383179,2.280982141709014,-0.3675344771228193,-0.9200989116011336,0.9151721507186228,1,1
0.2317928120790248,1.9367394225226715,0.1121466583465311,-2.0150182870387168,-4.092912036229482,-0.1535006955697838,-0.8664477699523984,-0.9414933170057764,1.603493980090733,1.5514123915568154,0.405850266692899,0.5505764474561861,3.130304758450754,0.9067842666754292,0.520668074567977,-1.1216057435500584,-2.4140067855314262,0.7854595059696665,1.018679436848305,-1.308684130989139,0,1
-1.86977668108828,2.100456792606892,1.166176072378316,-2.8031972485135084,-4.081903086944617,0.5136752157933061,-0.6614878852815197,3.088240641967737,-0.8967043201936924,-0.8680421754577232,-0.6270365091498445,0.7469849762588723,-4.103092504706277,0.0746280098168473,-0.01170738865127,4.046223804965846,4.2007424620468665,-1.067346714961976,7.253246476242573,0.0411795169489348,1,1
0.6012390995804935,-1.6540001043669317,-1.9881577442409384,-1.7278310948252185,-2.0123081563297567,0.0888229622787884,2.4359851242292434,-1.2651021020276318,2.722275080560657,0.4255363414156909,-0.0854188328330664,3.3553647786599146,1.8508603620180664,-1.335016245648024,0.376286755037011,1.0548760153462484,-0.9604244628213052,2.455001531435678,-0.6037897767284087,-1.6599055625051826,1,1
2.4933840988956586,-1.0308705014909192,-0.161445536430122,-2.806032872249618,-6.592941324319873,0.9442148402518143,0.195162047141818,-1.6632529181885165,2.4317197594167737,-2.708421411701499,-0.1787068845634957,1.1883523292500429,3.201497208153657,1.6652522339446956,3.331897755137144,4.66570412095091,1.2334147914575373,0.3487469853149141,-2.2010427031924658,0.537179814541736,0,0
-1.774344360138192,0.8370225150181173,-0.7566245853785434,1.278592948355036,0.8479496195504909,2.480650917512143,-0.4969631329205013,-2.915041715835335,0.9697654179590274,-3.290984700944824,-1.3321257652766474,-0.223186458417014,1.0590556399296638,-0.0849665968881474,2.469976454852304,2.30450370441598,0.0033986444549788,-0.0819758367492691,-1.9037675329267008,0.8093109039313008,0,0
0.5776357704272876,0.718357673606334,0.0408915979391449,0.7793147826006508,4.750825951611129,1.024773800665011,0.9089374968885996,0.2195387684430743,3.8145077707974537,-3.7914506193072737,-1.0572514620201034,-2.3443298925634863,7.207252924247631,-0.9970603273632624,-2.7879253606776584,-1.6048065405531846,-0.4696814159132509,4.355711175961905,-1.986762797602333,-0.2769590942271656,0,0
1.6514319586884496,-1.996083021829394,-0.8560766084278062,-2.562723291901974,-4.0140981054897225,-0.6448958586443377,-0.7294370488476493,-1.42310526962396,2.839152141177946,-2.260889909721312,-1.3657959280509446,2.0618088069058653,1.7910252512900375,-0.5237042828895252,1.7570950751866228,4.0744868490364725,1.3448530820164009,0.7341688892955867,-2.063082021359784,-0.3467498910082427,0,0
0.0593023230259821,-1.7165466447131337,2.083084193246165,-3.4325981346696017,-4.030830476894544,0.4367677511104973,0.1142326445023561,3.427080764217191,3.162555567799256,0.5527223990249066,-0.0963612855882233,1.9397631710272527,0.337068519488455,-0.1668396676939207,-0.4383401926777285,2.7111717596950653,1.7460942028842492,2.03503104829032,4.859230208234719,-0.5701935976981533,1,1
3.182331952112089,-1.9583000703223647,-0.7801514798234148,-0.1933661147297454,2.063370507638997,0.0182309971371171,-0.0195303894671022,-3.603290124830473,3.701523658724944,-1.573323736846021,-0.5439834133726836,1.5715217257489995,5.39089686152985,-0.7136288932044673,-1.7064772544661566,-2.2279076512143563,0.6186149727857998,1.3968084373010403,-5.817665652264214,0.3712067634700587,0,0
-0.2964245294783054,0.1006657966998418,1.1322648024922,-2.510387047938195,-6.637279708071819,-1.1084970907967833,-1.5703258142530163,-1.3155710943708183,3.830314891815594,0.0754058611581556,-0.5181340566668573,2.6579060929741134,4.055667367494803,0.3367122954206112,2.7509772944074378,0.335862376662808,-2.515123186988025,0.9383821391471808,-0.2083320631763095,-2.291292806884065,0,0
0.3513822262296224,-1.1343618757544416,-4.7352227055924745,-4.494619989202841,-0.1305487898205972,0.6140362639572081,1.828974756254353,-0.4728137839108451,1.418539846001082,2.13211260322346,-0.1752433629643115,0.585274956251891,-3.167029486065968,2.2323460331857383,-2.382775067455932,5.983897164383122,0.5287388882194806,1.9420522055972325,2.7894488858524342,1.2985413297690838,1,1
-1.408077576504501,1.9897976899958296,-0.1593614906793997,-1.405337999733122,3.1867322455238054,0.5505569328262319,-0.7673474859381645,0.3026622140641635,-0.3081700123745965,2.558143906744106,-0.4956487528793405,1.3338204757363974,-3.830058184223148,-1.124655688332994,-4.904737055832809,-1.723861598867367,3.550907326843849,-0.7805503803144713,5.856851248955671,2.092098571617909,1,1
1.6961002002749517,1.7086411775299395,-0.7535953935412767,1.3208078338458753,0.965927674584251,0.3162737802597137,1.366214785205788,-2.612831876956175,0.0048851140191163,0.9025686254480968,0.808988609229009,1.4558740637255374,4.180010383380277,0.2809284969478263,-1.4398575658913368,-6.320692256111197,-1.532011892560107,0.4915230085537982,-2.992927133563279,-1.3673264612849558,0,1
-1.2653881797216138,-0.2390432918843783,-2.687549166527188,-2.396582374781614,-3.9673584843903353,-0.3039226476153726,-0.9096520258330384,-2.5605931679083467,3.820661663087751,-2.043787071024636,1.3122079936015318,3.254835648808865,2.761136920297477,1.2371509754787164,2.0768440418146805,2.4656757626830306,-2.621040869403217,1.9100181661445288,-2.2343614130191662,0.2405807577265921,1,1
-0.3013487026987539,0.2879441109514332,2.908557757751241,-0.7245578956563081,-1.5075821400396705,0.2010335037165706,2.110342652096377,-2.310447357831208,4.638692249556549,-0.3724438218041674,1.4401101200691735,1.4587652847477228,4.590210458364054,-0.6248112045358892,1.280598165706278,0.5417215881169177,1.4151535060229383,1.6813291850139809,2.408797103640462,0.3496497571474736,0,0
-1.9902910823080928,0.0646696338323741,1.4933663628626628,-0.1964074724390827,-1.41517740556125,-1.3182762920299418,0.4989144009644145,-3.2466018341631244,2.4503193661924216,-0.472194547507453,0.0233851251561811,2.5866987888559363,0.3261743634021229,0.2744601776138416,1.4374029542004516,-1.3488873103686418,-0.5560832020340074,-2.2435436324209546,-1.7556773339194314,0.2296430555677967,0,0
0.4798849382557413,-1.091423209306147,0.2742758569314674,-2.8664613447699545,-5.8032443361493895,-0.630863510683409,-0.8644303136735378,-0.4114361120414462,1.5764902920084538,-1.38325145304841,-0.2047072335222877,1.8603591821044845,-0.028212584933885,0.6927757697082377,1.7245038300063775,1.686613209295877,-0.5066016511384857,-1.9730289658253155,-2.790423475796089,-0.2821249431377349,0,0
2.363657813134223,0.5202679646595918,-0.7875908068842831,-1.1477285096569592,-1.4598590488626155,0.3582998149327681,-0.8431023046628692,1.0568950922481206,0.6114696496852898,-0.6450435793134242,0.2815834050858342,-0.5926591871877875,3.7938609753562953,-1.167209485614359,-1.2951894274945983,-1.43609497858502,-1.0239318683352605,1.8470184633440925,-1.557373942426494,0.394644083356666,1,1
0.4869755008008365,-1.20642237955317,0.9641267954240198,2.1090127850584617,-0.8659907505742022,-0.1728133518934063,-1.1290644218323018,6.489389335974344,-6.269480450481676,3.2783083980368226,-2.2243841086088687,0.7990304358957523,-5.246280148341032,-0.0666010270219737,-0.8772703800712109,-5.173859952390873,-1.382253649972866,-1.7709925117317296,1.0063135923087283,1.6371217900017057,1,1
-1.2825984604365974,2.179003798350472,3.6898513294348447,0.1693677315957047,3.2170529925284286,2.0862641008080813,-1.2949318853402605,0.7108101009146872,3.877321089168622,-4.70227664629064,1.215065605591639,-0.2833578074203671,4.314087486846334,1.4588853886324693,-3.287684756588016,-2.523435442876065,4.171899845303264,0.9705320351645814,1.776523072782061,-0.4507844930934654,1,1
0.5714381152085362,1.087944463811315,0.6677871038721641,-1.3295819101520223,1.3812517343573,-0.8725945264061531,-0.5483967878111827,0.3193207794185764,4.159954952796453,-1.9265779277284367,-0.5016466787964576,-1.0531316072098438,6.04546562691877,0.266215260152907,-2.767348525598272,-1.4359881625134143,-0.3098315884098526,3.239388856656186,-0.0177157496836954,-0.1341533269924053,1,1
2.423841898689272,-0.1766978640062244,2.3840308260110645,2.235716454841951,1.7556963686213691,-0.7036364441092297,0.7422099624265004,-0.6952761999474372,2.087552597614297,-3.372753666415649,0.3901721928800851,-3.755919032215032,7.800405093343802,0.5620922620826175,0.975548436270836,-1.7852364660134057,-1.263226493239745,1.7401285268828643,-5.078759541880332,2.312044056359531,0,0
-0.0153347458555131,1.8835069838950047,3.221681527849185,2.878761815590952,-3.854459132291277,-1.862863586451236,-0.5347722560578038,-6.446244695237246,0.9769059766255762,0.2689570140785777,-1.6363017850994594,0.3067050536582374,4.747955620839051,-0.4849555448776149,7.601766098619317,1.0397391666912732,-0.1075855027926093,-0.7895659550495684,0.2824801022892074,0.8258526698277096,0,0
3.2654564060242164,5.148055138770288,-2.1667150605212235,2.4785212174645723,-1.815568221323289,-0.2847955566474331,-1.178179687334277,-2.8495013342681466,-4.598467424143942,0.1194437250788369,1.110753172414642,-0.3424175215932543,4.1304119883945365,0.432850402519974,1.246223409829338,-4.37000494642585,0.0552374573132752,0.3164011403514506,-1.0278104278692548,0.7911400043558836,0,1
1.036346804089859,3.975116037029784,0.3992542910451914,3.74430768914582,1.7404755345961092,-1.527580941355759,1.209369178334763,-4.862079469814443,-2.057671408495765,-0.2245792106342006,-0.4533534501005882,-0.9617633382093932,3.168466334181292,-0.6662633863607912,2.6345570580544586,-0.5934092579745609,3.066501140402742,0.5137001587222447,2.3335191866462166,0.0054578442813139,0,0
3.9648496050066298,0.834435336563377,-1.8764219314990047,3.3388162349881174,0.8037435381886143,0.8153241668090142,-1.18120117314888,-1.5885627939414193,-5.106716408403022,-2.21372904346812,-1.7890123905014412,1.2898028362663574,0.4062210054324837,-0.6226138999593189,0.2003404892503522,-4.038497883458271,2.963316357846202,-1.8364878699839635,-5.189414351742875,-0.5719285461984328,0,0
3.1171304286957167,-3.2352520783407663,-0.7175232559528458,1.0762717259627768,-3.0926584053495167,-0.7721489637119425,0.6533683837958855,1.9746962664051784,-0.7897394121481809,0.762694904534008,1.3332105613800442,3.190290359265215,2.5088726652081768,-1.071194857868986,1.886805965038212,-2.033231337302455,-1.6915551723483708,2.6434336956984748,-2.6259413221340067,-0.552750787066322,1,1
0.9148844992046576,0.7804618340922724,-2.986781503033562,-0.2944783635423003,-3.6562904720939535,-0.8446772632932499,0.0617346764602967,3.91061445754216,-5.113163935279268,2.4426339548804616,-1.8256151785646464,1.0183225116022834,-2.365784495627825,0.1731976427087473,-1.0535509565436003,-5.346233724026845,-5.3099379960780055,-1.1738911968733583,-2.9594564762897475,-0.9528610405863004,1,1
0.0126149431333115,-0.1556348417295607,-0.134240987790035,0.9722324797366816,2.4121070740036514,1.3385195085812722,-0.8963333329719959,-0.7899435643491586,3.267412457369185,-4.464693324581255,1.73790476183525,-2.475284252834917,5.889265362080284,-0.4855901120450092,0.5956470453011448,1.341580378523294,-1.3771236642261775,3.0464089735948705,-3.5325952141584365,0.7018822520592939,0,0
-0.9938893118616348,0.4234383639677193,-0.3826324378707512,-4.60336658490484,-7.833884602767386,-0.7256174565632872,0.357470185848724,1.4677511313247082,2.890671566168177,-2.466970479755532,0.4811458907651867,0.7087371664841432,1.1375287421024174,0.3341262473382346,2.57761305068936,5.961558364098627,-0.8496286956092727,1.0645190669509352,1.7171754292217614,-0.1743628364125342,1,1
0.5394971220440085,-5.254829744431354,-1.6589683295748012,0.662034252864258,0.1000937565681877,1.0615091571758442,1.008415969942991,0.6141669891703925,-1.5162699737719307,-4.179003044904528,-0.6683581639908888,1.945677695484932,-6.092028113940466,0.0940698411915238,3.5292640764654304,9.16329680388714,5.86045645507748,-0.7532940523027363,-1.1451687028517268,1.1850069835830157,0,0
0.7903088268816113,2.0972834157106224,-2.3582984227705155,-1.0421233775859204,-1.3356146357076932,-0.8386576375205848,-0.6809088291356947,1.430780290543333,-2.792992259166492,1.3809580264891756,1.041732852654597,-0.3690029066377212,-0.7408364261859505,0.6819932992541455,-2.5254648523064978,-4.25909726461529,-3.104248749783056,-1.2395068888307723,-2.1750911090040974,0.404941353815343,1,1
4.133446526266689,-2.9900680083786075,-2.305602485820862,-2.0306104646646235,3.978965773136625,1.6776254421561343,-1.2666319951066096,-1.489189138831886,0.6994613629569748,-2.286509889630272,-0.6866045318482008,-1.7608760206750227,-1.1044860120484985,-0.9896509661643634,-4.395857498473165,1.694409267738304,3.420478509879916,-1.99964234131858,-6.742030971329971,-0.4299001052078867,0,0
-1.1664586073426286,-0.460371263957569,1.082909880756873,-3.0119235315078265,-7.691032148272255,1.2784852074516722,-1.3838590189958455,0.4576639248388474,3.0916192451296065,-0.2946326501736455,-0.8500082547603859,5.086716553964518,0.9930129679927924,-0.5967724763676152,2.784919852030513,1.984033499847934,0.2700387867448209,1.0136473933087888,3.082818308311852,-0.1940801323330949,1,1
-0.909523933912002,-3.184967960525827,-3.635049736228534,0.9581440576489946,-0.4272149212419114,0.7834681062089172,-0.6133636006232359,-2.387599942444341,3.344557111000108,-2.833957891755195,1.5159451462942335,3.5192108565184728,3.8508812468917406,-0.8073800562841116,3.119511142441821,0.9249784250329915,-4.914927821708318,3.551029392396326,-6.679244100244029,0.039864207491586,1,1
-1.2603164295224407,-0.1389898782307763,-2.8869942828986352,0.7676731184952543,-1.368901203194884,1.862869121400177,0.1246633934075568,0.3641110069548985,-6.17123302107582,-0.7937436363940074,-0.3516601838342151,1.6738776469544772,-9.130116263618625,1.0994637713956532,1.6379553147285852,2.035225647250684,1.734261032350089,-5.03055757542235,-1.541989241157661,1.2592837114361684,0,0
2.8395995721804246,0.4992177881666075,-1.2342965653842015,0.8634818964594739,-2.34604950870004,-1.0704682430200712,0.3269108642391749,3.3595788881121464,-5.638480374387265,1.236137939856556,-0.0980009667833399,-0.6597288333759244,-0.9293726976201684,-0.1014078297218639,-1.6893488885435786,-7.754696481962039,-4.381738298458252,-3.148370208725545,-6.70120902581078,1.7347627931235772,1,1
1.2228362280004397,0.6050628169513959,-3.0193190187390075,0.2601514688241952,-2.09154367291886,0.1152398669720183,1.2979401935351325,1.4784770033276748,-3.833951903304216,-0.8701411131695151,0.701255639443369,0.3647915224240734,-1.202422766610615,0.6460832412118543,-0.0866495033895586,-2.419649484571837,-2.508657043679044,-1.2744166545243494,-4.489169505501438,-0.2434064747951195,1,1
0.1598354577977767,-2.750617577564119,-0.589523088489528,0.3192282829429089,5.181284702792523,0.0035826018327832,-0.1946636950246799,-2.398097975687702,3.50539142002348,-0.514888798618859,0.2174058527270034,1.949981549859584,1.527517531680188,1.2724283828165954,-3.5533738660530005,-4.0673287058199215,-0.9348515062578416,-0.1338426026730813,-5.838290055088684,-0.5276537761783373,0,1
-0.8955560058085105,1.2217659382206574,-0.1026347859542349,1.837623632092284,2.724636683926114,-1.2665388289449715,1.16729071738378,0.3003136584123822,-3.1165238652878475,-1.0077600668325934,0.8340554518493689,-2.237987881998565,-3.550959959457532,-2.820168822240691,0.5831025306801694,2.7963778418602847,3.1452507135501584,-1.128278366085404,2.6365885797365123,0.406085109874429,0,0
2.3010539695758823,-0.973566162461072,-1.5734780543266278,2.2442890950121974,2.4726962744912795,-0.3688032651888687,0.9459409606394378,0.7205865484148359,-3.7858248074378498,0.4524101555665372,-2.0343558678843627,1.152782116623272,-1.2681576602567344,0.1980569258851502,-2.5732779393211445,-6.825652915272168,-1.0994100836106735,-2.127173985024498,-6.16942257113568,-0.6807664465790269,1,1
0.6473167852214798,0.2363146646841445,-2.0211027561754245,-1.983196699128928,-0.9300179868810188,-0.3873817450147148,0.753213446416157,0.8734988638486639,0.6859785376526161,-0.4634298375912176,0.4174470344107998,0.3484716870635895,0.9052699682818236,1.8266470793119376,-1.969155199964495,-0.5741731040448829,-1.3915003941216824,0.8972102676026218,-1.465987298793921,-1.3099875117317676,1,1
-1.1902037862082984,1.3125160724372804,2.5316558978529926,0.3621308805871646,-1.841027064668732,0.5053933762204632,0.0509136955354726,-2.7254343481655336,1.687676445474722,0.7444834190167502,-1.885864617864209,1.0129423634340884,1.1313038809099227,0.1704009940620107,3.1714450292409464,2.511854287859096,2.493229238294381,0.3669798906908957,5.03887251957207,0.6420450918935612,0,0
1.287876294277729,-2.0763940966038383,-2.439106991797022,-4.2065567956016885,-3.516175999773171,-0.9803882514834747,2.1353211239759577,-1.5412578217131347,2.8227302515516977,-1.1823106188859094,-0.3082159281608299,1.6083281894486825,-0.5883844329040283,-0.336544921209111,0.5811487398275624,6.393293038672703,1.6414350177045631,0.5725176070735292,-0.691251826670472,0.4261565596461849,0,0
2.140141062129385,-3.1627878753408054,-1.942123323130149,1.5031180398174977,4.22902777675273,1.385575233941481,1.3593852232307442,-0.5152378467242658,0.3985302430742314,0.9315180991886928,1.509240019827501,1.6920192681578894,1.3510351063206356,-1.366211590902226,-2.5724719263932627,-4.205862319356506,-1.6097541932252053,1.4077412311793054,-5.231253607479756,-1.7951291966198684,1,1
-2.6998766630188715,-3.0173381146896987,0.5077049803735021,2.39305421709828,7.607406920138321,-0.366633878668933,-0.6353053696216646,1.6510760410972891,0.4744823478342587,4.0922075519921,-0.3239808507005772,2.793376860859332,-4.58468684653541,0.1367465026484631,-2.714441627602795,-0.6827714934555907,2.296651959340081,2.737797677955238,6.723829131495425,-0.3330397757389188,1,1
-0.2234674115328495,3.5696447034955483,1.35557473287109,-1.4787147620383514,-4.250680224992468,-1.135432309030569,1.2559370400156968,3.891678355636943,-3.077877328225048,0.5873203622530592,1.124414149970889,-1.4456024767528055,-1.9620800645946952,0.5745617175367154,0.0726964799175502,1.2879507678548947,2.212564005441435,-0.5277381569461375,6.799196775242024,-0.2820770568763486,1,1
0.3618299434213226,0.1836872553779076,-1.2562364003617985,0.7051544191009196,2.925303296460562,0.1317501097472917,0.3624508686256106,0.8031236518577038,-0.7292838172362668,-5.518259900662618,-0.581443086342757,-3.279632800943215,0.2030241342034179,-0.01492537244296,-0.6597633113596728,2.84513504248928,1.8499471476344187,-0.1978751652782251,-3.512242837986439,-0.175358174394841,0,0
2.440678379925451,0.9181811483400087,2.471191328227201,-0.3506496171633001,-5.838660003390535,-0.1829015674239269,-1.165441526221057,-1.9728952814790464,2.357096004249184,-1.1578500013269175,-1.325281371952441,-0.0306243823320404,7.289927951620465,1.4706619906522893,3.7892340587636992,-0.5554450908075164,-1.1938408384135903,0.9862664332234594,-1.9092546977397984,-0.5379439663331403,0,0
-3.121549571031783,0.984290860294045,2.501054645745798,-0.2238277375825559,-1.0225705082236882,0.4524964561026824,0.753601109159814,-1.799196613996083,3.949304127703591,0.2196651535396634,-1.5534561336632653,1.0681413774971693,2.2179324406032137,-2.0239316109829444,2.247762669295809,1.7139608082611115,-0.1782977230969478,1.5387269347172174,4.388141784472829,0.6397375066988947,0,0
0.8023829964921145,-1.0145226096960922,1.184345677715469,2.995173705547005,5.467614648769003,0.6427171526314838,0.720639231357267,0.346883150053345,-0.5462558307832249,0.8446246768528962,0.8892634247589758,-0.2344078838121923,0.792504500720438,0.0773637302840967,-2.083681428071878,-3.838204671063405,1.1444230105272548,0.8926740920317987,-0.2905094729476337,-0.3009352929701331,1,1
-1.740106315307179,-0.2072077876632894,0.5328280810841157,-0.3482614297967008,0.3863153589890206,2.485313924533686,0.1361246340758442,0.7355591172046352,0.0338996740877557,-0.7354253114815144,-1.222362807004254,-0.9667598989302958,-2.975611588408191,0.3619078363609881,1.3689240820090354,5.622712657333442,2.8150164835389004,0.2878017465308351,4.539851104635431,-0.7202785765879318,0,0
-1.3501831884218876,1.9723501557960577,3.502173579229746,1.673470552262438,-2.8041969782532328,0.6961897158262457,1.471400348166522,-4.080095075474558,0.0677237651945076,3.452034521051319,1.0902442836580648,1.2717691338438035,0.3213837953866258,0.9075323007926968,4.91618326686149,0.811718597637791,1.4189350669020206,-1.0736698637712894,5.764395045445907,0.865271157294546,0,0
-0.1121228171307016,0.9254459712503192,0.9255937136408134,1.8216021653646832,4.68186304975374,-0.9044005023308695,-0.8157877251685722,0.2655088290514162,3.5117153169367428,-2.675633691824239,-1.7073429536496,-3.330994022026898,7.63893290508685,0.6496048651128858,-1.3089817178502745,-1.675246470884871,-2.0530825471053924,4.680078714462323,-1.1289481291593702,0.631900339157813,0,0
1.6142740112789435,-0.1621905415394097,-1.6262101226917172,1.5068359112631375,-5.743511371145557,-0.1385010219399534,1.1701923340705616,2.4936639957581344,-4.851290480254882,0.7500828024174823,-0.4432186924276957,1.900409387057728,-0.617381328378164,-0.0050408702235287,3.868272237574119,-1.3562675177316603,-2.703704091774528,0.2347461007241618,-1.4348008726381976,-0.9794157382151544,1,1
0.9966650506405368,3.100680873017101,-2.586074171184616,0.3190582176696852,-3.20600799594194,-1.038540857035756,1.1127981956129065,0.0862990798978919,-5.931089778311437,-0.7624986645995435,-0.1693288571150473,0.1630277489680881,-3.424237988860091,-0.402833428474804,0.8085862680055653,-0.949122665133208,0.8039014269563285,-3.309551110985607,-1.2830930604237747,-2.477506118629017,0,0
0.4193245134694923,-0.8149512754918411,-3.1783362206203885,-1.729199421638885,3.000114218353424,0.01578477336065,-0.4044622879241036,-3.6555259188662816,4.289518156996982,-0.8566333405114985,-1.694039281225405,0.5570394617692995,2.713476617922128,-1.312912976758239,-1.4870814475500227,3.717403208777109,0.8214411045530738,3.491246721432125,-0.2410301287228791,-1.1315053013521623,1,1
-1.6555615636713248,-0.0972804261322446,-0.6360323695609738,0.9106023976626342,3.57259371099043,-0.1629121933762352,-0.6337886457778004,1.014287365501143,0.903697230964867,-2.4825326638679592,-0.540763354977222,-2.4313052944237734,0.3875410911498453,-0.4121611450482139,-0.082464356298834,3.241229316842785,0.1668337545247068,2.2528636069106094,0.9780105399134992,0.5634099508221323,0,0
1.4554333825904435,-0.591712730964435,1.858279330192896,-2.494159657428864,-1.4757154380798752,0.1650252624387116,-1.3356066666463606,-0.7712429136847221,5.041013102777933,-0.7548487518261917,1.2224021616505023,0.1428733020073612,5.011854864126574,-0.6603813705355391,-0.6252903487622625,1.7411711684250066,1.570125790987296,2.505302509545197,1.4521067449271958,-0.9448144902417202,1,0
1.5477463986031812,2.3084905709635253,-2.312296530232349,-2.8357435505412143,-6.226745495007805,-1.4771644163123816,-0.5102911595630633,-1.833866756407328,-0.7745978616856154,-0.970806141042315,0.1778297997054342,-0.3443102581419526,0.7614242870171847,1.1026920460743783,2.496296590706297,4.297572597389911,0.3067211126188337,-0.4895195432537937,0.1504179473163232,-0.9201522314576858,0,0
1.703853765351652,-0.8058734094070681,-1.0986477240456476,1.892706917813008,-0.5761566928848141,0.6729702060319175,0.2945768005403198,1.5084098976664504,-3.811953044311366,2.263665412269807,-0.6291996069703238,1.0059814813754744,-0.5845421972612593,-0.6468363041676235,-0.628015914721964,-6.943427113195507,-4.332889066870187,-1.637332229178996,-5.392185737964429,0.2304598806276331,1,1
-1.0009554829353624,3.5829674531192723,2.968695228995802,2.244845401932776,0.9643946189689532,0.566607832835089,0.6378983162599249,-1.1002756564683946,-1.880768354576862,4.193519956021804,1.7097080286755186,-1.291763037184862,-0.6411707720064379,0.8700602169074838,2.137400291341492,1.981277151489342,4.191418543555189,1.553566535303299,11.643563050012965,1.7813997166008575,0,0
-2.2518316420890074,2.4542766949633097,-0.2640097977880836,-1.833972656484464,-3.036034944518064,-1.1485833152387388,-0.2473509271489131,-1.735191746535392,1.5040234260813652,-1.6759808697519496,0.4408197989057157,1.9180427984459227,-0.2682999979555483,-0.7225967814014777,1.0754210500281056,2.104748396898247,1.3600327644407608,-0.5946438044085842,2.531149053225069,-0.2536404538925019,1,1
0.7906576458183283,0.5240035662360021,1.3264425244054288,2.3543353449388777,4.202098142173297,0.6689644817181823,-0.7185427067790403,0.2308178167393486,0.0032207700909273,1.0003524847891887,0.3447749725922945,-2.3621768472404394,2.9833266221032284,1.8321196075773007,-1.4000117693795655,-3.039192010352588,-0.5954328102593589,1.7303173433848082,0.3612147165274613,-0.5588162917367949,0,0
-2.611487581793813,4.131237953833836,1.9315781276753792,-1.6726517813641082,-2.415733457519448,0.3091577195174642,-0.6840460303790417,-0.6983844513535198,-0.1768045728506466,-0.308814617138897,1.5271323841551303,2.249994495366731,-3.119925954298408,0.005085396128234,-0.3092715895137841,1.584114160566939,5.88866020204771,-1.9897188738119784,8.270249513185886,0.3520386129581204,1,1
-1.8761494044822928,-1.9474352928564065,-1.0427239461867306,3.727543250029229,7.79958697702813,0.0283202636777641,0.4213602543067085,0.3465151825829795,-0.2702317569163704,1.3491221980025412,0.6232358966388174,1.1277539265962118,-1.868036770992492,-1.015292374249816,-1.031852814885575,0.2162386688305832,1.3968746682300366,3.6193728047609466,3.647958887825551,-0.3920477826671146,1,1
-1.0961790760142294,-1.9160205657119065,-1.1609962941661895,0.2724677105587987,0.3006571951156913,0.7344258528096671,1.4224229552858216,-0.6731483354142767,0.3517474179806446,-1.5783119876291152,0.628102969833705,2.7131284187743825,-2.1631524916520326,0.0533842724790217,0.6407126825466778,0.7195977367172911,0.4097327856532576,-0.8267505739392534,-2.37478633738304,1.369781101962379,0,0
-1.7923099513784888,0.4928410072645667,-1.3420993412109663,2.07596725142177,8.363185752712392,0.4396697222730237,0.9038914006360014,5.629255214871767,-5.800583958895504,3.560440600028665,0.7762935907473221,-4.364262829568469,-8.51451243292164,-0.8859349254651107,-4.197519204929766,2.309899549966252,2.830349093983036,1.1252618160930694,8.735226104769087,1.2098939600191043,0,0
0.7686683466813422,1.7569051763246908,-0.1488588195797089,2.328123699706297,6.664565984923445,-0.3159639513526983,-2.2199890875563764,0.7187416450578241,0.7829196193018874,-0.9054331440812956,0.8209085211691072,-3.217113700561681,5.203263490585797,0.9465513614234736,-3.671004660383223,-3.828977143937617,-0.6644395157660112,3.7926356152425424,-0.0604577110964434,-0.5869226054450949,0,0
1.003531062253211,-1.2432050531433905,-1.070622949010578,-0.2636116482796096,-0.8170756030134679,1.6588696944553298,0.9845928948957968,-0.1412983657174931,1.7853067468079498,1.6569664661508123,0.787276293122914,1.0724376927333514,3.3296704349145965,0.7906723186907282,0.4922047437692236,-0.5723421591815613,-2.837686749342019,3.321826438091596,-0.3681478193522574,-0.6411116541527696,1,1
3.6729539196446006,-0.7972972899924626,-2.75121010211414,-0.7532883291962977,1.1448977896328556,0.034393795307583,-0.6422324784439893,-4.2602262862698295,0.0915913999863975,-2.93490302016691,-0.5112594578695273,-2.6348921235675364,1.1141627753700991,-0.034572225485819,0.773738861057665,5.531638730135645,3.045591321512072,-0.6657467692273554,-4.684544121220178,0.2485451051189872,0,0
0.8213076282911829,0.2173340037458199,0.8944984740833153,2.3924804087979115,4.875310153126357,-0.8565019571194227,-0.7442433669555713,0.3964380571609729,2.063659305131868,-1.5689062359969417,1.371098813911922,-3.6320049300674975,6.688002649264338,-0.8257690954681581,-1.4889627503149034,-3.293455619749806,-2.911601513775761,3.3730621496393187,-3.1063501893275145,-0.1412418210685317,0,0
-0.1376053041495142,-1.1170648941379078,-0.2771231335692976,2.8493925886674902,1.3054532317874077,-1.0446665306312433,0.4548758006638433,3.469741478723414,-5.357089386729193,2.2080134147937978,0.439842886472828,2.710019336854088,-5.613185868298287,-0.0109390519600858,-0.462376909443294,-3.155747034410956,1.6065123172954785,-0.959168185367374,2.260512514419569,-1.503155069599602,1,1
-2.2069325305529173,1.6043886278007329,-2.018137443759737,1.3001178165223566,0.3218127633283245,-0.6958299463922752,1.195941907435307,-2.05523006972296,1.2253256518691429,-2.4444150539238647,0.5567179766334188,3.004653050346536,2.6700949216240843,0.8817464007600121,0.6894459643627753,-2.738861262819502,-2.277529934717541,1.4633535160191948,-2.334855991308795,1.0570434191653657,1,1
-1.7311483226462037,1.0005166028376054,-1.1922422574414673,2.3194775949000395,3.3825675168396683,-0.3585425275626097,-1.450163167036702,1.3525356141875196,-3.5221556236946854,1.3096782092646924,-0.2358714645336772,0.0704528630534716,-3.884250066121716,-0.201038771866635,-0.9099766339637104,-1.3575206583629733,0.3466863920176155,-0.1192126306223329,2.6452144253044327,0.5463989516672716,1,1
-3.177483925437223,1.6209917165680658,-0.6982455183083975,-3.4809640400515907,-5.206040339935004,-1.2864694935694123,1.4729835776298297,1.879216685920114,0.6524581374935868,-2.5214392730824926,0.917366649477848,0.9387876133702224,-3.245234906525849,-1.4203017800706943,1.6334498063974654,6.085615289797901,1.3042962949977075,-0.4773619307741212,4.378124467840418,0.6838611139319919,1,1
-1.3457897543398567,-2.090716271298878,0.9976308306576822,-0.2801858625004774,2.428462483693676,-1.7407006063803354,-0.3990705392430932,2.31935128046864,1.6552084072337778,2.8943276863891194,-0.8247339795023627,1.9297470784295696,-2.2955062893462,0.4219688214334575,-1.11607752755773,2.9023734416188494,3.054974781806364,3.591844358768181,8.315035417437933,0.2201291874877759,1,1
-1.1301110887250982,1.3210167527779828,1.0039027884282017,0.2316237367013373,-0.1169790860495838,-0.4485968731091201,-0.8818184989854194,3.753010114253497,-3.4223701402599063,1.9929149494594225,1.5480082208186925,-0.6467134318463019,-4.1997886736778005,-0.5912156192423738,-1.384779726774696,-1.527466376355527,0.63581489929038,-1.4195733717046273,4.144043383062137,0.5224452109266943,1,1
2.5185009175552806,-2.79424530342916,-0.9083303984189104,0.6306914159313621,-1.7995885347184912,0.170484680696914,-0.4150913367253287,-0.2168558760732417,0.8570089479463682,0.4292557006596426,0.2353171684846372,3.4143205488963138,2.974785087431434,0.7051486589381767,1.3389289471117896,-1.404376668934698,-0.8745962970830421,2.530760905234507,-2.519988348139801,-0.6594954368384278,1,1
-2.1098054876017214,2.393009038028544,-2.9803262114616835,2.7495780997639696,6.760918588518158,0.2606561547052026,1.3175408190173998,0.2000102616640995,-1.8826334466222472,-2.395454543745244,0.0577541466672278,-3.3439107607714065,-0.4062073563203877,0.5736569632767152,-1.315737184262447,1.4343129290489196,-0.0198991210898256,2.4344242043977435,1.202141203610397,-1.1071832698817603,0,0
-0.0158533064688517,0.8899411335500245,2.048785640919181,3.5813126190327327,4.642644435904803,-0.9166386933635472,-0.1113544023855112,0.5466114513429519,-1.666262907934769,3.710355480570179,-0.950175462069795,-2.968639679722972,1.1180584107102485,-0.2101556041908746,-0.2032546763864269,-2.603224673480061,-0.8097702275893537,1.7748532756140545,3.8299426733396937,-0.9896592875112686,0,0
-1.5353311718570195,-0.8440750687193868,-1.2570964583064552,1.7114668328347584,3.1661708282171515,-0.599355705052997,1.2354317757568007,2.9366839971546472,-1.3893216033926978,3.482073850956552,1.7283293805663331,1.6650835159341555,-2.08854690478674,0.095027885272073,-1.2880281024856588,-1.3682725243406182,-1.09834277598098,3.5877879280173874,5.12252137389247,-0.2617807223427068,1,1
2.5698825393657416,-0.804949769935362,-3.400238976492893,-1.2172403064714417,-2.492510702954429,1.5623545093732296,0.8889877491836431,-0.8782569237329778,-3.5216560326996103,-0.7086553902594233,0.5399509007551029,1.0501893895986525,-4.424120010106384,1.7305179518279583,1.2615640613748398,5.007111123263298,3.895842294343689,-1.662154235989436,-0.4674585376807002,-1.177031631453071,0,0
